{
    "frame_index": {
        "min": [
            0
        ],
        "max": [
            1797
        ],
        "mean": [
            401.8681140450717
        ],
        "std": [
            315.2299728748427
        ],
        "count": [
            35144
        ],
        "q01": [
            7.512613934912101
        ],
        "q10": [
            79.89772381394219
        ],
        "q50": [
            401.6343237252447
        ],
        "q90": [
            723.7772693570118
        ],
        "q99": [
            796.2236141552313
        ]
    },
    "task_index": {
        "min": [
            0
        ],
        "max": [
            0
        ],
        "mean": [
            0.0
        ],
        "std": [
            0.0
        ],
        "count": [
            35144
        ],
        "q01": [
            3.999999999999418e-16
        ],
        "q10": [
            3.999999999999416e-15
        ],
        "q50": [
            1.999999999999709e-14
        ],
        "q90": [
            3.599999999999476e-14
        ],
        "q99": [
            3.9599999999994235e-14
        ]
    },
    "observation.state": {
        "min": [
            -19.69230842590332,
            -105.36264038085938,
            -93.53845977783203,
            10.90109920501709,
            -41.27472686767578,
            0.9174311757087708,
            -43.03296661376953,
            -104.3956069946289,
            -96.61538696289062,
            -18.065933227539062,
            -27.296703338623047,
            1.1273210048675537
        ],
        "max": [
            28.74725341796875,
            67.12088012695312,
            97.23076629638672,
            102.15384674072266,
            85.67032623291016,
            40.43250274658203,
            20.615385055541992,
            82.32967376708984,
            96.17582702636719,
            100.70330047607422,
            118.63735961914062,
            52.320953369140625
        ],
        "mean": [
            4.656975218519524,
            -54.15322199465879,
            59.4817377614074,
            63.35115251133009,
            10.951028223175975,
            5.267825216475527,
            -13.00536075081772,
            -11.43601827735398,
            15.553407047526482,
            67.05122772783838,
            45.474921795547395,
            12.648461884106858
        ],
        "std": [
            7.13317765545263,
            52.92032324048892,
            47.084380564625995,
            14.433445368251377,
            32.5183452540097,
            8.056925784218262,
            10.96447248164179,
            59.9850635833218,
            58.50541728108313,
            18.49256353860064,
            30.54981707321645,
            12.333043053053354
        ],
        "count": [
            35144
        ],
        "q01": [
            -5.709651654314432,
            -104.13861671168142,
            -50.37916498970995,
            34.968146211261995,
            -22.79959931235056,
            1.0205773158626865,
            -30.50103350159715,
            -103.93756806159338,
            -75.92916822220255,
            23.711572781821552,
            -4.957880527642725,
            1.296808946286873
        ],
        "q10": [
            -1.6330182475954296,
            -103.95101007953889,
            -14.049866555015326,
            45.32574925781301,
            -18.11208651741129,
            1.0322784069961535,
            -26.635203053498092,
            -102.35064075271161,
            -53.0139372327093,
            44.44802130414304,
            3.4481166112728845,
            1.7922623059945648
        ],
        "q50": [
            3.3560781197483087,
            -68.45006921061623,
            75.400565613701,
            66.58601950134067,
            -0.6986052105746672,
            1.4574652891777986,
            -12.269205608355461,
            7.643335437854493,
            9.951399458302971,
            68.63941743635432,
            51.2703838802181,
            9.03554934016134
        ],
        "q90": [
            13.765314843205786,
            15.848032027968674,
            96.71008797657107,
            75.2056354642243,
            58.03035660655894,
            18.20112853441255,
            -1.174758922006952,
            47.49283176935152,
            94.45700440877022,
            87.15477690570039,
            79.833277078194,
            30.628994962822013
        ],
        "q99": [
            17.812945914020478,
            40.29387550673159,
            96.79399159736774,
            85.01054783857853,
            62.746505159924034,
            24.56630034825509,
            5.241984828283407,
            57.75703596068298,
            95.6913551841022,
            96.04616084290113,
            84.2976102302535,
            36.16182665965258
        ]
    },
    "observation.images.right_depth": {
        "min": [
            [
                [
                    0.0
                ]
            ],
            [
                [
                    0.0
                ]
            ],
            [
                [
                    0.0
                ]
            ]
        ],
        "max": [
            [
                [
                    1.0
                ]
            ],
            [
                [
                    1.0
                ]
            ],
            [
                [
                    1.0
                ]
            ]
        ],
        "mean": [
            [
                [
                    0.5214499649946461
                ]
            ],
            [
                [
                    0.46912800924916537
                ]
            ],
            [
                [
                    0.31412082243201195
                ]
            ]
        ],
        "std": [
            [
                [
                    0.0046390048339453385
                ]
            ],
            [
                [
                    0.003603689923582427
                ]
            ],
            [
                [
                    0.0086680821878282
                ]
            ]
        ],
        "count": [
            6745
        ],
        "q01": [
            [
                [
                    0.0629289069227675
                ]
            ],
            [
                [
                    0.053794716311970754
                ]
            ],
            [
                [
                    -3.9215686274509807e-13
                ]
            ]
        ],
        "q10": [
            [
                [
                    0.3750094538533849
                ]
            ],
            [
                [
                    0.301971228122612
                ]
            ],
            [
                [
                    -3.9215686274509807e-13
                ]
            ]
        ],
        "q50": [
            [
                [
                    0.5224737441430126
                ]
            ],
            [
                [
                    0.48628045712232376
                ]
            ],
            [
                [
                    0.4056788413467424
                ]
            ]
        ],
        "q90": [
            [
                [
                    0.7018034764767194
                ]
            ],
            [
                [
                    0.6263551490263636
                ]
            ],
            [
                [
                    0.6123514381032765
                ]
            ]
        ],
        "q99": [
            [
                [
                    0.8056039249096292
                ]
            ],
            [
                [
                    0.7281291032279085
                ]
            ],
            [
                [
                    0.7269795945655234
                ]
            ]
        ]
    },
    "episode_index": {
        "min": [
            0
        ],